match_id,utc_date,matchday,home_team,away_team,home_score,away_score,status
435943,2023-08-11T19:00:00Z,1,Burnley FC,Manchester City FC,0.0,3.0,FINISHED
435944,2023-08-12T12:00:00Z,1,Arsenal FC,Nottingham Forest FC,2.0,1.0,FINISHED
435945,2023-08-12T14:00:00Z,1,AFC Bournemouth,West Ham United FC,1.0,1.0,FINISHED
435946,2023-08-12T14:00:00Z,1,Brighton & Hove Albion FC,Luton Town FC,4.0,1.0,FINISHED
435947,2023-08-12T14:00:00Z,1,Everton FC,Fulham FC,0.0,1.0,FINISHED
435948,2023-08-12T14:00:00Z,1,Sheffield United FC,Crystal Palace FC,0.0,1.0,FINISHED
435949,2023-08-12T16:30:00Z,1,Newcastle United FC,Aston Villa FC,5.0,1.0,FINISHED
435950,2023-08-13T13:00:00Z,1,Brentford FC,Tottenham Hotspur FC,2.0,2.0,FINISHED
435951,2023-08-13T15:30:00Z,1,Chelsea FC,Liverpool FC,1.0,1.0,FINISHED
435952,2023-08-14T19:00:00Z,1,Manchester United FC,Wolverhampton Wanderers FC,1.0,0.0,FINISHED
435959,2023-08-18T18:45:00Z,2,Nottingham Forest FC,Sheffield United FC,2.0,1.0,FINISHED
435956,2023-08-19T14:00:00Z,2,Liverpool FC,AFC Bournemouth,3.0,1.0,FINISHED
435955,2023-08-19T14:00:00Z,2,Fulham FC,Brentford FC,0.0,3.0,FINISHED
435962,2023-08-19T14:00:00Z,2,Wolverhampton Wanderers FC,Brighton & Hove Albion FC,1.0,4.0,FINISHED
435960,2023-08-19T16:30:00Z,2,Tottenham Hotspur FC,Manchester United FC,2.0,0.0,FINISHED
435958,2023-08-19T19:00:00Z,2,Manchester City FC,Newcastle United FC,1.0,0.0,FINISHED
435953,2023-08-20T13:00:00Z,2,Aston Villa FC,Everton FC,4.0,0.0,FINISHED
435961,2023-08-20T15:30:00Z,2,West Ham United FC,Chelsea FC,3.0,1.0,FINISHED
435954,2023-08-21T19:00:00Z,2,Crystal Palace FC,Arsenal FC,0.0,1.0,FINISHED
435968,2023-08-25T19:00:00Z,3,Chelsea FC,Luton Town FC,3.0,0.0,FINISHED
435963,2023-08-26T11:30:00Z,3,AFC Bournemouth,Tottenham Hotspur FC,0.0,2.0,FINISHED
435969,2023-08-26T14:00:00Z,3,Everton FC,Wolverhampton Wanderers FC,0.0,1.0,FINISHED
435970,2023-08-26T14:00:00Z,3,Manchester United FC,Nottingham Forest FC,3.0,2.0,FINISHED
435964,2023-08-26T14:00:00Z,3,Arsenal FC,Fulham FC,2.0,2.0,FINISHED
435965,2023-08-26T14:00:00Z,3,Brentford FC,Crystal Palace FC,1.0,1.0,FINISHED
435966,2023-08-26T16:30:00Z,3,Brighton & Hove Albion FC,West Ham United FC,1.0,3.0,FINISHED
435972,2023-08-27T13:00:00Z,3,Sheffield United FC,Manchester City FC,1.0,2.0,FINISHED
435967,2023-08-27T13:00:00Z,3,Burnley FC,Aston Villa FC,1.0,3.0,FINISHED
435971,2023-08-27T15:30:00Z,3,Newcastle United FC,Liverpool FC,1.0,2.0,FINISHED
435980,2023-09-01T19:00:00Z,4,Luton Town FC,West Ham United FC,1.0,2.0,FINISHED
435982,2023-09-02T11:30:00Z,4,Sheffield United FC,Everton FC,2.0,2.0,FINISHED
435974,2023-09-02T14:00:00Z,4,Brentford FC,AFC Bournemouth,2.0,2.0,FINISHED
435976,2023-09-02T14:00:00Z,4,Burnley FC,Tottenham Hotspur FC,2.0,5.0,FINISHED
435977,2023-09-02T14:00:00Z,4,Chelsea FC,Nottingham Forest FC,0.0,1.0,FINISHED
435981,2023-09-02T14:00:00Z,4,Manchester City FC,Fulham FC,5.0,1.0,FINISHED
435975,2023-09-02T16:30:00Z,4,Brighton & Hove Albion FC,Newcastle United FC,3.0,1.0,FINISHED
435979,2023-09-03T13:00:00Z,4,Liverpool FC,Aston Villa FC,3.0,0.0,FINISHED
435978,2023-09-03T13:00:00Z,4,Crystal Palace FC,Wolverhampton Wanderers FC,3.0,2.0,FINISHED
435973,2023-09-03T15:30:00Z,4,Arsenal FC,Manchester United FC,3.0,1.0,FINISHED
435992,2023-09-16T11:30:00Z,5,Wolverhampton Wanderers FC,Liverpool FC,1.0,3.0,FINISHED
435986,2023-09-16T14:00:00Z,5,Fulham FC,Luton Town FC,1.0,0.0,FINISHED
435987,2023-09-16T14:00:00Z,5,Manchester United FC,Brighton & Hove Albion FC,1.0,3.0,FINISHED
435990,2023-09-16T14:00:00Z,5,Tottenham Hotspur FC,Sheffield United FC,2.0,1.0,FINISHED
435991,2023-09-16T14:00:00Z,5,West Ham United FC,Manchester City FC,1.0,3.0,FINISHED
435984,2023-09-16T14:00:00Z,5,Aston Villa FC,Crystal Palace FC,3.0,1.0,FINISHED
435988,2023-09-16T16:30:00Z,5,Newcastle United FC,Brentford FC,1.0,0.0,FINISHED
435983,2023-09-17T13:00:00Z,5,AFC Bournemouth,Chelsea FC,0.0,0.0,FINISHED
435985,2023-09-17T15:30:00Z,5,Everton FC,Arsenal FC,0.0,1.0,FINISHED
435989,2023-09-18T18:45:00Z,5,Nottingham Forest FC,Burnley FC,1.0,1.0,FINISHED
435998,2023-09-23T14:00:00Z,6,Crystal Palace FC,Fulham FC,0.0,0.0,FINISHED
436000,2023-09-23T14:00:00Z,6,Luton Town FC,Wolverhampton Wanderers FC,1.0,1.0,FINISHED
436001,2023-09-23T14:00:00Z,6,Manchester City FC,Nottingham Forest FC,2.0,0.0,FINISHED
435994,2023-09-23T16:30:00Z,6,Brentford FC,Everton FC,1.0,3.0,FINISHED
435996,2023-09-23T19:00:00Z,6,Burnley FC,Manchester United FC,0.0,1.0,FINISHED
435999,2023-09-24T13:00:00Z,6,Liverpool FC,West Ham United FC,3.0,1.0,FINISHED
435997,2023-09-24T13:00:00Z,6,Chelsea FC,Aston Villa FC,0.0,1.0,FINISHED
435993,2023-09-24T13:00:00Z,6,Arsenal FC,Tottenham Hotspur FC,2.0,2.0,FINISHED
435995,2023-09-24T13:00:00Z,6,Brighton & Hove Albion FC,AFC Bournemouth,3.0,1.0,FINISHED
436002,2023-09-24T15:30:00Z,6,Sheffield United FC,Newcastle United FC,0.0,8.0,FINISHED
436004,2023-09-30T11:30:00Z,7,Aston Villa FC,Brighton & Hove Albion FC,6.0,1.0,FINISHED
436003,2023-09-30T14:00:00Z,7,AFC Bournemouth,Arsenal FC,0.0,4.0,FINISHED
436012,2023-09-30T14:00:00Z,7,Wolverhampton Wanderers FC,Manchester City FC,2.0,1.0,FINISHED
436005,2023-09-30T14:00:00Z,7,Everton FC,Luton Town FC,1.0,2.0,FINISHED
436008,2023-09-30T14:00:00Z,7,Newcastle United FC,Burnley FC,2.0,0.0,FINISHED
436007,2023-09-30T14:00:00Z,7,Manchester United FC,Crystal Palace FC,0.0,1.0,FINISHED
436011,2023-09-30T14:00:00Z,7,West Ham United FC,Sheffield United FC,2.0,0.0,FINISHED
436010,2023-09-30T16:30:00Z,7,Tottenham Hotspur FC,Liverpool FC,2.0,1.0,FINISHED
436009,2023-10-01T13:00:00Z,7,Nottingham Forest FC,Brentford FC,1.0,1.0,FINISHED
436006,2023-10-02T19:00:00Z,7,Fulham FC,Chelsea FC,0.0,2.0,FINISHED
435957,2023-10-03T18:30:00Z,2,Luton Town FC,Burnley FC,1.0,2.0,FINISHED
436019,2023-10-07T11:30:00Z,8,Luton Town FC,Tottenham Hotspur FC,0.0,1.0,FINISHED
436015,2023-10-07T14:00:00Z,8,Burnley FC,Chelsea FC,1.0,4.0,FINISHED
436017,2023-10-07T14:00:00Z,8,Everton FC,AFC Bournemouth,3.0,0.0,FINISHED
436018,2023-10-07T14:00:00Z,8,Fulham FC,Sheffield United FC,3.0,1.0,FINISHED
436020,2023-10-07T14:00:00Z,8,Manchester United FC,Brentford FC,2.0,1.0,FINISHED
436016,2023-10-07T16:30:00Z,8,Crystal Palace FC,Nottingham Forest FC,0.0,0.0,FINISHED
436021,2023-10-08T13:00:00Z,8,West Ham United FC,Newcastle United FC,2.0,2.0,FINISHED
436014,2023-10-08T13:00:00Z,8,Brighton & Hove Albion FC,Liverpool FC,2.0,2.0,FINISHED
436022,2023-10-08T13:00:00Z,8,Wolverhampton Wanderers FC,Aston Villa FC,1.0,1.0,FINISHED
436013,2023-10-08T15:30:00Z,8,Arsenal FC,Manchester City FC,1.0,0.0,FINISHED
436027,2023-10-21T11:30:00Z,9,Liverpool FC,Everton FC,2.0,0.0,FINISHED
436025,2023-10-21T14:00:00Z,9,Brentford FC,Burnley FC,3.0,0.0,FINISHED
436028,2023-10-21T14:00:00Z,9,Manchester City FC,Brighton & Hove Albion FC,2.0,1.0,FINISHED
436029,2023-10-21T14:00:00Z,9,Newcastle United FC,Crystal Palace FC,4.0,0.0,FINISHED
436030,2023-10-21T14:00:00Z,9,Nottingham Forest FC,Luton Town FC,2.0,2.0,FINISHED
436023,2023-10-21T14:00:00Z,9,AFC Bournemouth,Wolverhampton Wanderers FC,1.0,2.0,FINISHED
436026,2023-10-21T16:30:00Z,9,Chelsea FC,Arsenal FC,2.0,2.0,FINISHED
436031,2023-10-21T19:00:00Z,9,Sheffield United FC,Manchester United FC,1.0,2.0,FINISHED
436024,2023-10-22T15:30:00Z,9,Aston Villa FC,West Ham United FC,4.0,1.0,FINISHED
436032,2023-10-23T19:00:00Z,9,Tottenham Hotspur FC,Fulham FC,2.0,0.0,FINISHED
436038,2023-10-27T19:00:00Z,10,Crystal Palace FC,Tottenham Hotspur FC,1.0,2.0,FINISHED
436037,2023-10-28T11:30:00Z,10,Chelsea FC,Brentford FC,0.0,2.0,FINISHED
436033,2023-10-28T14:00:00Z,10,AFC Bournemouth,Burnley FC,2.0,1.0,FINISHED
436034,2023-10-28T14:00:00Z,10,Arsenal FC,Sheffield United FC,5.0,0.0,FINISHED
436042,2023-10-28T16:30:00Z,10,Wolverhampton Wanderers FC,Newcastle United FC,2.0,2.0,FINISHED
436041,2023-10-29T13:00:00Z,10,West Ham United FC,Everton FC,0.0,1.0,FINISHED
436035,2023-10-29T14:00:00Z,10,Aston Villa FC,Luton Town FC,3.0,1.0,FINISHED
436036,2023-10-29T14:00:00Z,10,Brighton & Hove Albion FC,Fulham FC,1.0,1.0,FINISHED
436039,2023-10-29T14:00:00Z,10,Liverpool FC,Nottingham Forest FC,3.0,0.0,FINISHED
436040,2023-10-29T15:30:00Z,10,Manchester United FC,Manchester City FC,0.0,3.0,FINISHED
436046,2023-11-04T12:30:00Z,11,Fulham FC,Manchester United FC,0.0,1.0,FINISHED
436051,2023-11-04T15:00:00Z,11,Sheffield United FC,Wolverhampton Wanderers FC,2.0,1.0,FINISHED
436043,2023-11-04T15:00:00Z,11,Brentford FC,West Ham United FC,3.0,2.0,FINISHED
436045,2023-11-04T15:00:00Z,11,Everton FC,Brighton & Hove Albion FC,1.0,1.0,FINISHED
436048,2023-11-04T15:00:00Z,11,Manchester City FC,AFC Bournemouth,6.0,1.0,FINISHED
436044,2023-11-04T15:00:00Z,11,Burnley FC,Crystal Palace FC,0.0,2.0,FINISHED
436049,2023-11-04T17:30:00Z,11,Newcastle United FC,Arsenal FC,1.0,0.0,FINISHED
436050,2023-11-05T14:00:00Z,11,Nottingham Forest FC,Aston Villa FC,2.0,0.0,FINISHED
436047,2023-11-05T16:30:00Z,11,Luton Town FC,Liverpool FC,1.0,1.0,FINISHED
436052,2023-11-06T20:00:00Z,11,Tottenham Hotspur FC,Chelsea FC,1.0,4.0,FINISHED
436062,2023-11-11T12:30:00Z,12,Wolverhampton Wanderers FC,Tottenham Hotspur FC,2.0,1.0,FINISHED
436054,2023-11-11T15:00:00Z,12,Arsenal FC,Burnley FC,3.0,1.0,FINISHED
436058,2023-11-11T15:00:00Z,12,Crystal Palace FC,Everton FC,2.0,3.0,FINISHED
436060,2023-11-11T15:00:00Z,12,Manchester United FC,Luton Town FC,1.0,0.0,FINISHED
436053,2023-11-11T17:30:00Z,12,AFC Bournemouth,Newcastle United FC,2.0,0.0,FINISHED
436055,2023-11-12T14:00:00Z,12,Aston Villa FC,Fulham FC,3.0,1.0,FINISHED
436056,2023-11-12T14:00:00Z,12,Brighton & Hove Albion FC,Sheffield United FC,1.0,1.0,FINISHED
436059,2023-11-12T14:00:00Z,12,Liverpool FC,Brentford FC,3.0,0.0,FINISHED
436061,2023-11-12T14:00:00Z,12,West Ham United FC,Nottingham Forest FC,3.0,2.0,FINISHED
436057,2023-11-12T16:30:00Z,12,Chelsea FC,Manchester City FC,4.0,4.0,FINISHED
436068,2023-11-25T12:30:00Z,13,Manchester City FC,Liverpool FC,1.0,1.0,FINISHED
436071,2023-11-25T15:00:00Z,13,Sheffield United FC,AFC Bournemouth,1.0,3.0,FINISHED
436070,2023-11-25T15:00:00Z,13,Nottingham Forest FC,Brighton & Hove Albion FC,2.0,3.0,FINISHED
436069,2023-11-25T15:00:00Z,13,Newcastle United FC,Chelsea FC,4.0,1.0,FINISHED
436067,2023-11-25T15:00:00Z,13,Luton Town FC,Crystal Palace FC,2.0,1.0,FINISHED
436064,2023-11-25T15:00:00Z,13,Burnley FC,West Ham United FC,1.0,2.0,FINISHED
436063,2023-11-25T17:30:00Z,13,Brentford FC,Arsenal FC,0.0,1.0,FINISHED
436072,2023-11-26T14:00:00Z,13,Tottenham Hotspur FC,Aston Villa FC,1.0,2.0,FINISHED
436065,2023-11-26T16:30:00Z,13,Everton FC,Manchester United FC,0.0,3.0,FINISHED
436066,2023-11-27T20:00:00Z,13,Fulham FC,Wolverhampton Wanderers FC,3.0,2.0,FINISHED
436074,2023-12-02T15:00:00Z,14,Arsenal FC,Wolverhampton Wanderers FC,2.0,1.0,FINISHED
436075,2023-12-02T15:00:00Z,14,Brentford FC,Luton Town FC,3.0,1.0,FINISHED
436076,2023-12-02T15:00:00Z,14,Burnley FC,Sheffield United FC,5.0,0.0,FINISHED
436081,2023-12-02T17:30:00Z,14,Nottingham Forest FC,Everton FC,0.0,1.0,FINISHED
436080,2023-12-02T20:00:00Z,14,Newcastle United FC,Manchester United FC,1.0,0.0,FINISHED
436073,2023-12-03T14:00:00Z,14,AFC Bournemouth,Aston Villa FC,2.0,2.0,FINISHED
436077,2023-12-03T14:00:00Z,14,Chelsea FC,Brighton & Hove Albion FC,3.0,2.0,FINISHED
436078,2023-12-03T14:00:00Z,14,Liverpool FC,Fulham FC,4.0,3.0,FINISHED
436082,2023-12-03T14:00:00Z,14,West Ham United FC,Crystal Palace FC,1.0,1.0,FINISHED
436079,2023-12-03T16:30:00Z,14,Manchester City FC,Tottenham Hotspur FC,3.0,3.0,FINISHED
436090,2023-12-05T19:30:00Z,15,Wolverhampton Wanderers FC,Burnley FC,1.0,0.0,FINISHED
436087,2023-12-05T20:15:00Z,15,Luton Town FC,Arsenal FC,3.0,4.0,FINISHED
436091,2023-12-06T19:30:00Z,15,Crystal Palace FC,AFC Bournemouth,0.0,2.0,FINISHED
436088,2023-12-06T19:30:00Z,15,Sheffield United FC,Liverpool FC,0.0,2.0,FINISHED
436084,2023-12-06T19:30:00Z,15,Brighton & Hove Albion FC,Brentford FC,2.0,1.0,FINISHED
436086,2023-12-06T19:30:00Z,15,Fulham FC,Nottingham Forest FC,5.0,0.0,FINISHED
436083,2023-12-06T20:15:00Z,15,Aston Villa FC,Manchester City FC,1.0,0.0,FINISHED
436092,2023-12-06T20:15:00Z,15,Manchester United FC,Chelsea FC,2.0,1.0,FINISHED
436085,2023-12-07T19:30:00Z,15,Everton FC,Newcastle United FC,3.0,0.0,FINISHED
436089,2023-12-07T20:15:00Z,15,Tottenham Hotspur FC,West Ham United FC,1.0,2.0,FINISHED
436095,2023-12-09T12:30:00Z,16,Crystal Palace FC,Liverpool FC,1.0,2.0,FINISHED
436100,2023-12-09T15:00:00Z,16,Sheffield United FC,Brentford FC,1.0,0.0,FINISHED
436102,2023-12-09T15:00:00Z,16,Wolverhampton Wanderers FC,Nottingham Forest FC,1.0,1.0,FINISHED
436094,2023-12-09T15:00:00Z,16,Brighton & Hove Albion FC,Burnley FC,1.0,1.0,FINISHED
436099,2023-12-09T15:00:00Z,16,Manchester United FC,AFC Bournemouth,0.0,3.0,FINISHED
436093,2023-12-09T17:30:00Z,16,Aston Villa FC,Arsenal FC,1.0,0.0,FINISHED
436096,2023-12-10T14:00:00Z,16,Everton FC,Chelsea FC,2.0,0.0,FINISHED
436097,2023-12-10T14:00:00Z,16,Fulham FC,West Ham United FC,5.0,0.0,FINISHED
436098,2023-12-10T14:00:00Z,16,Luton Town FC,Manchester City FC,1.0,2.0,FINISHED
436101,2023-12-10T16:30:00Z,16,Tottenham Hotspur FC,Newcastle United FC,4.0,1.0,FINISHED
436111,2023-12-15T20:00:00Z,17,Nottingham Forest FC,Tottenham Hotspur FC,0.0,2.0,FINISHED
436109,2023-12-16T15:00:00Z,17,Manchester City FC,Crystal Palace FC,2.0,2.0,FINISHED
436110,2023-12-16T15:00:00Z,17,Newcastle United FC,Fulham FC,3.0,0.0,FINISHED
436107,2023-12-16T15:00:00Z,17,Chelsea FC,Sheffield United FC,2.0,0.0,FINISHED
436106,2023-12-16T17:30:00Z,17,Burnley FC,Everton FC,0.0,2.0,FINISHED
436104,2023-12-17T14:00:00Z,17,Arsenal FC,Brighton & Hove Albion FC,2.0,0.0,FINISHED
436105,2023-12-17T14:00:00Z,17,Brentford FC,Aston Villa FC,1.0,2.0,FINISHED
436112,2023-12-17T14:00:00Z,17,West Ham United FC,Wolverhampton Wanderers FC,3.0,0.0,FINISHED
436108,2023-12-17T16:30:00Z,17,Liverpool FC,Manchester United FC,0.0,0.0,FINISHED
436114,2023-12-21T20:00:00Z,18,Crystal Palace FC,Brighton & Hove Albion FC,1.0,1.0,FINISHED
436113,2023-12-22T20:00:00Z,18,Aston Villa FC,Sheffield United FC,1.0,1.0,FINISHED
436121,2023-12-23T12:30:00Z,18,West Ham United FC,Manchester United FC,2.0,0.0,FINISHED
436119,2023-12-23T15:00:00Z,18,Nottingham Forest FC,AFC Bournemouth,2.0,3.0,FINISHED
436120,2023-12-23T15:00:00Z,18,Tottenham Hotspur FC,Everton FC,2.0,1.0,FINISHED
436117,2023-12-23T15:00:00Z,18,Luton Town FC,Newcastle United FC,1.0,0.0,FINISHED
436115,2023-12-23T15:00:00Z,18,Fulham FC,Burnley FC,0.0,2.0,FINISHED
436116,2023-12-23T17:30:00Z,18,Liverpool FC,Arsenal FC,1.0,1.0,FINISHED
436122,2023-12-24T13:00:00Z,18,Wolverhampton Wanderers FC,Chelsea FC,2.0,1.0,FINISHED
436131,2023-12-26T12:30:00Z,19,Newcastle United FC,Nottingham Forest FC,1.0,3.0,FINISHED
436132,2023-12-26T15:00:00Z,19,Sheffield United FC,Luton Town FC,2.0,3.0,FINISHED
436123,2023-12-26T15:00:00Z,19,AFC Bournemouth,Fulham FC,3.0,0.0,FINISHED
436127,2023-12-26T17:30:00Z,19,Burnley FC,Liverpool FC,0.0,2.0,FINISHED
436130,2023-12-26T20:00:00Z,19,Manchester United FC,Aston Villa FC,3.0,2.0,FINISHED
436125,2023-12-27T19:30:00Z,19,Brentford FC,Wolverhampton Wanderers FC,1.0,4.0,FINISHED
436128,2023-12-27T19:30:00Z,19,Chelsea FC,Crystal Palace FC,2.0,1.0,FINISHED
436129,2023-12-27T20:15:00Z,19,Everton FC,Manchester City FC,1.0,3.0,FINISHED
436126,2023-12-28T19:30:00Z,19,Brighton & Hove Albion FC,Tottenham Hotspur FC,4.0,2.0,FINISHED
436124,2023-12-28T20:15:00Z,19,Arsenal FC,West Ham United FC,0.0,2.0,FINISHED
436137,2023-12-30T12:30:00Z,20,Luton Town FC,Chelsea FC,2.0,3.0,FINISHED
436133,2023-12-30T15:00:00Z,20,Aston Villa FC,Burnley FC,3.0,2.0,FINISHED
436138,2023-12-30T15:00:00Z,20,Manchester City FC,Sheffield United FC,2.0,0.0,FINISHED
436142,2023-12-30T15:00:00Z,20,Wolverhampton Wanderers FC,Everton FC,3.0,0.0,FINISHED
436134,2023-12-30T15:00:00Z,20,Crystal Palace FC,Brentford FC,3.0,1.0,FINISHED
436139,2023-12-30T17:30:00Z,20,Nottingham Forest FC,Manchester United FC,2.0,1.0,FINISHED
436135,2023-12-31T14:00:00Z,20,Fulham FC,Arsenal FC,2.0,1.0,FINISHED
436140,2023-12-31T14:00:00Z,20,Tottenham Hotspur FC,AFC Bournemouth,3.0,1.0,FINISHED
436136,2024-01-01T20:00:00Z,20,Liverpool FC,Newcastle United FC,4.0,2.0,FINISHED
436141,2024-01-02T19:30:00Z,20,West Ham United FC,Brighton & Hove Albion FC,0.0,0.0,FINISHED
436147,2024-01-12T19:45:00Z,21,Burnley FC,Luton Town FC,1.0,1.0,FINISHED
436148,2024-01-13T12:30:00Z,21,Chelsea FC,Fulham FC,1.0,0.0,FINISHED
436151,2024-01-13T17:30:00Z,21,Newcastle United FC,Manchester City FC,2.0,3.0,FINISHED
436149,2024-01-14T14:00:00Z,21,Everton FC,Aston Villa FC,0.0,0.0,FINISHED
436150,2024-01-14T16:30:00Z,21,Manchester United FC,Tottenham Hotspur FC,2.0,2.0,FINISHED
436144,2024-01-20T12:30:00Z,21,Arsenal FC,Crystal Palace FC,5.0,0.0,FINISHED
436145,2024-01-20T17:30:00Z,21,Brentford FC,Nottingham Forest FC,3.0,2.0,FINISHED
436152,2024-01-21T14:00:00Z,21,Sheffield United FC,West Ham United FC,2.0,2.0,FINISHED
436143,2024-01-21T16:30:00Z,21,AFC Bournemouth,Liverpool FC,0.0,4.0,FINISHED
436146,2024-01-22T19:45:00Z,21,Brighton & Hove Albion FC,Wolverhampton Wanderers FC,0.0,0.0,FINISHED
436153,2024-01-30T19:30:00Z,22,Nottingham Forest FC,Arsenal FC,1.0,2.0,FINISHED
436155,2024-01-30T19:45:00Z,22,Luton Town FC,Brighton & Hove Albion FC,4.0,0.0,FINISHED
436156,2024-01-30T19:45:00Z,22,Fulham FC,Everton FC,0.0,0.0,FINISHED
436157,2024-01-30T20:00:00Z,22,Crystal Palace FC,Sheffield United FC,3.0,2.0,FINISHED
436158,2024-01-30T20:15:00Z,22,Aston Villa FC,Newcastle United FC,1.0,3.0,FINISHED
436159,2024-01-31T19:30:00Z,22,Tottenham Hotspur FC,Brentford FC,3.0,2.0,FINISHED
436161,2024-01-31T19:30:00Z,22,Manchester City FC,Burnley FC,3.0,1.0,FINISHED
436162,2024-01-31T20:15:00Z,22,Liverpool FC,Chelsea FC,4.0,1.0,FINISHED
436154,2024-02-01T19:30:00Z,22,West Ham United FC,AFC Bournemouth,1.0,1.0,FINISHED
436160,2024-02-01T20:15:00Z,22,Wolverhampton Wanderers FC,Manchester United FC,3.0,4.0,FINISHED
436169,2024-02-03T12:30:00Z,23,Everton FC,Tottenham Hotspur FC,2.0,2.0,FINISHED
436167,2024-02-03T15:00:00Z,23,Burnley FC,Fulham FC,2.0,2.0,FINISHED
436166,2024-02-03T15:00:00Z,23,Brighton & Hove Albion FC,Crystal Palace FC,4.0,1.0,FINISHED
436171,2024-02-03T15:00:00Z,23,Newcastle United FC,Luton Town FC,4.0,4.0,FINISHED
436172,2024-02-03T17:30:00Z,23,Sheffield United FC,Aston Villa FC,0.0,5.0,FINISHED
436163,2024-02-04T14:00:00Z,23,AFC Bournemouth,Nottingham Forest FC,1.0,1.0,FINISHED
436168,2024-02-04T14:00:00Z,23,Chelsea FC,Wolverhampton Wanderers FC,2.0,4.0,FINISHED
436170,2024-02-04T14:00:00Z,23,Manchester United FC,West Ham United FC,3.0,0.0,FINISHED
436164,2024-02-04T16:30:00Z,23,Arsenal FC,Liverpool FC,3.0,1.0,FINISHED
436165,2024-02-05T20:00:00Z,23,Brentford FC,Manchester City FC,1.0,3.0,FINISHED
436178,2024-02-10T12:30:00Z,24,Manchester City FC,Everton FC,2.0,0.0,FINISHED
436182,2024-02-10T15:00:00Z,24,Wolverhampton Wanderers FC,Brentford FC,0.0,2.0,FINISHED
436177,2024-02-10T15:00:00Z,24,Luton Town FC,Sheffield United FC,1.0,3.0,FINISHED
436176,2024-02-10T15:00:00Z,24,Liverpool FC,Burnley FC,3.0,1.0,FINISHED
436175,2024-02-10T15:00:00Z,24,Fulham FC,AFC Bournemouth,3.0,1.0,FINISHED
436180,2024-02-10T15:00:00Z,24,Tottenham Hotspur FC,Brighton & Hove Albion FC,2.0,1.0,FINISHED
436179,2024-02-10T17:30:00Z,24,Nottingham Forest FC,Newcastle United FC,2.0,3.0,FINISHED
436181,2024-02-11T14:00:00Z,24,West Ham United FC,Arsenal FC,0.0,6.0,FINISHED
436173,2024-02-11T16:30:00Z,24,Aston Villa FC,Manchester United FC,1.0,2.0,FINISHED
436174,2024-02-12T20:00:00Z,24,Crystal Palace FC,Chelsea FC,1.0,3.0,FINISHED
436183,2024-02-17T12:30:00Z,25,Brentford FC,Liverpool FC,1.0,4.0,FINISHED
436192,2024-02-17T15:00:00Z,25,Tottenham Hotspur FC,Wolverhampton Wanderers FC,1.0,2.0,FINISHED
436189,2024-02-17T15:00:00Z,25,Newcastle United FC,AFC Bournemouth,2.0,2.0,FINISHED
436186,2024-02-17T15:00:00Z,25,Fulham FC,Aston Villa FC,1.0,2.0,FINISHED
436190,2024-02-17T15:00:00Z,25,Nottingham Forest FC,West Ham United FC,2.0,0.0,FINISHED
436184,2024-02-17T15:00:00Z,25,Burnley FC,Arsenal FC,0.0,5.0,FINISHED
436188,2024-02-17T17:30:00Z,25,Manchester City FC,Chelsea FC,1.0,1.0,FINISHED
436191,2024-02-18T14:00:00Z,25,Sheffield United FC,Brighton & Hove Albion FC,0.0,5.0,FINISHED
436187,2024-02-18T16:30:00Z,25,Luton Town FC,Manchester United FC,1.0,2.0,FINISHED
436185,2024-02-19T20:00:00Z,25,Everton FC,Crystal Palace FC,1.0,1.0,FINISHED
436118,2024-02-20T19:30:00Z,18,Manchester City FC,Brentford FC,1.0,0.0,FINISHED
436199,2024-02-21T19:30:00Z,26,Liverpool FC,Luton Town FC,4.0,1.0,FINISHED
436195,2024-02-24T15:00:00Z,26,Aston Villa FC,Nottingham Forest FC,4.0,2.0,FINISHED
436196,2024-02-24T15:00:00Z,26,Brighton & Hove Albion FC,Everton FC,1.0,1.0,FINISHED
436198,2024-02-24T15:00:00Z,26,Crystal Palace FC,Burnley FC,3.0,0.0,FINISHED
436200,2024-02-24T15:00:00Z,26,Manchester United FC,Fulham FC,1.0,2.0,FINISHED
436193,2024-02-24T17:30:00Z,26,AFC Bournemouth,Manchester City FC,0.0,1.0,FINISHED
436194,2024-02-24T20:00:00Z,26,Arsenal FC,Newcastle United FC,4.0,1.0,FINISHED
436202,2024-02-25T13:30:00Z,26,Wolverhampton Wanderers FC,Sheffield United FC,1.0,0.0,FINISHED
436201,2024-02-26T20:00:00Z,26,West Ham United FC,Brentford FC,4.0,2.0,FINISHED
436212,2024-03-02T15:00:00Z,27,Tottenham Hotspur FC,Crystal Palace FC,3.0,1.0,FINISHED
436210,2024-03-02T15:00:00Z,27,Nottingham Forest FC,Liverpool FC,0.0,1.0,FINISHED
436206,2024-03-02T15:00:00Z,27,Fulham FC,Brighton & Hove Albion FC,3.0,0.0,FINISHED
436205,2024-03-02T15:00:00Z,27,Everton FC,West Ham United FC,1.0,3.0,FINISHED
436203,2024-03-02T15:00:00Z,27,Brentford FC,Chelsea FC,2.0,2.0,FINISHED
436209,2024-03-02T15:00:00Z,27,Newcastle United FC,Wolverhampton Wanderers FC,3.0,0.0,FINISHED
436207,2024-03-02T17:30:00Z,27,Luton Town FC,Aston Villa FC,2.0,3.0,FINISHED
436204,2024-03-03T13:00:00Z,27,Burnley FC,AFC Bournemouth,0.0,2.0,FINISHED
436208,2024-03-03T15:30:00Z,27,Manchester City FC,Manchester United FC,3.0,1.0,FINISHED
436211,2024-03-04T20:00:00Z,27,Sheffield United FC,Arsenal FC,0.0,6.0,FINISHED
436220,2024-03-09T12:30:00Z,28,Manchester United FC,Everton FC,2.0,0.0,FINISHED
436213,2024-03-09T15:00:00Z,28,AFC Bournemouth,Sheffield United FC,2.0,2.0,FINISHED
436218,2024-03-09T15:00:00Z,28,Crystal Palace FC,Luton Town FC,1.0,1.0,FINISHED
436222,2024-03-09T15:00:00Z,28,Wolverhampton Wanderers FC,Fulham FC,2.0,1.0,FINISHED
436214,2024-03-09T17:30:00Z,28,Arsenal FC,Brentford FC,2.0,1.0,FINISHED
436215,2024-03-10T13:00:00Z,28,Aston Villa FC,Tottenham Hotspur FC,0.0,4.0,FINISHED
436216,2024-03-10T14:00:00Z,28,Brighton & Hove Albion FC,Nottingham Forest FC,1.0,0.0,FINISHED
436221,2024-03-10T14:00:00Z,28,West Ham United FC,Burnley FC,2.0,2.0,FINISHED
436219,2024-03-10T15:45:00Z,28,Liverpool FC,Manchester City FC,1.0,1.0,FINISHED
436217,2024-03-11T20:00:00Z,28,Chelsea FC,Newcastle United FC,3.0,2.0,FINISHED
436103,2024-03-13T19:30:00Z,17,AFC Bournemouth,Luton Town FC,4.0,3.0,FINISHED
436225,2024-03-16T15:00:00Z,29,Burnley FC,Brentford FC,2.0,1.0,FINISHED
436229,2024-03-16T15:00:00Z,29,Luton Town FC,Nottingham Forest FC,1.0,1.0,FINISHED
436228,2024-03-16T17:30:00Z,29,Fulham FC,Tottenham Hotspur FC,3.0,0.0,FINISHED
436231,2024-03-17T14:00:00Z,29,West Ham United FC,Aston Villa FC,1.0,1.0,FINISHED
436239,2024-03-30T12:30:00Z,30,Newcastle United FC,West Ham United FC,4.0,3.0,FINISHED
436242,2024-03-30T15:00:00Z,30,Tottenham Hotspur FC,Luton Town FC,2.0,1.0,FINISHED
436233,2024-03-30T15:00:00Z,30,AFC Bournemouth,Everton FC,2.0,1.0,FINISHED
436240,2024-03-30T15:00:00Z,30,Nottingham Forest FC,Crystal Palace FC,1.0,1.0,FINISHED
436236,2024-03-30T15:00:00Z,30,Chelsea FC,Burnley FC,2.0,2.0,FINISHED
436241,2024-03-30T15:00:00Z,30,Sheffield United FC,Fulham FC,3.0,3.0,FINISHED
436234,2024-03-30T17:30:00Z,30,Aston Villa FC,Wolverhampton Wanderers FC,2.0,0.0,FINISHED
436235,2024-03-30T20:00:00Z,30,Brentford FC,Manchester United FC,1.0,1.0,FINISHED
436237,2024-03-31T13:00:00Z,30,Liverpool FC,Brighton & Hove Albion FC,2.0,1.0,FINISHED
436238,2024-03-31T15:30:00Z,30,Manchester City FC,Arsenal FC,0.0,0.0,FINISHED
436247,2024-04-02T18:30:00Z,31,Nottingham Forest FC,Fulham FC,3.0,1.0,FINISHED
436250,2024-04-02T18:30:00Z,31,Newcastle United FC,Everton FC,1.0,1.0,FINISHED
436243,2024-04-02T18:45:00Z,31,AFC Bournemouth,Crystal Palace FC,1.0,0.0,FINISHED
436246,2024-04-02T18:45:00Z,31,Burnley FC,Wolverhampton Wanderers FC,1.0,1.0,FINISHED
436248,2024-04-02T19:15:00Z,31,West Ham United FC,Tottenham Hotspur FC,1.0,1.0,FINISHED
436244,2024-04-03T18:30:00Z,31,Arsenal FC,Luton Town FC,2.0,0.0,FINISHED
436245,2024-04-03T18:30:00Z,31,Brentford FC,Brighton & Hove Albion FC,0.0,0.0,FINISHED
436252,2024-04-03T19:15:00Z,31,Manchester City FC,Aston Villa FC,4.0,1.0,FINISHED
436251,2024-04-04T18:30:00Z,31,Liverpool FC,Sheffield United FC,3.0,1.0,FINISHED
436249,2024-04-04T19:15:00Z,31,Chelsea FC,Manchester United FC,4.0,3.0,FINISHED
436255,2024-04-06T11:30:00Z,32,Crystal Palace FC,Manchester City FC,2.0,4.0,FINISHED
436258,2024-04-06T14:00:00Z,32,Luton Town FC,AFC Bournemouth,2.0,1.0,FINISHED
436262,2024-04-06T14:00:00Z,32,Wolverhampton Wanderers FC,West Ham United FC,1.0,2.0,FINISHED
436256,2024-04-06T14:00:00Z,32,Everton FC,Burnley FC,1.0,0.0,FINISHED
436253,2024-04-06T14:00:00Z,32,Aston Villa FC,Brentford FC,3.0,3.0,FINISHED
436257,2024-04-06T14:00:00Z,32,Fulham FC,Newcastle United FC,0.0,1.0,FINISHED
436254,2024-04-06T16:30:00Z,32,Brighton & Hove Albion FC,Arsenal FC,0.0,3.0,FINISHED
436259,2024-04-07T14:30:00Z,32,Manchester United FC,Liverpool FC,2.0,2.0,FINISHED
436260,2024-04-07T16:30:00Z,32,Sheffield United FC,Chelsea FC,2.0,2.0,FINISHED
436261,2024-04-07T17:00:00Z,32,Tottenham Hotspur FC,Nottingham Forest FC,3.0,1.0,FINISHED
436270,2024-04-13T11:30:00Z,33,Newcastle United FC,Tottenham Hotspur FC,4.0,0.0,FINISHED
436265,2024-04-13T14:00:00Z,33,Brentford FC,Sheffield United FC,2.0,0.0,FINISHED
436266,2024-04-13T14:00:00Z,33,Burnley FC,Brighton & Hove Albion FC,1.0,1.0,FINISHED
436269,2024-04-13T14:00:00Z,33,Manchester City FC,Luton Town FC,5.0,1.0,FINISHED
436271,2024-04-13T14:00:00Z,33,Nottingham Forest FC,Wolverhampton Wanderers FC,2.0,2.0,FINISHED
436263,2024-04-13T16:30:00Z,33,AFC Bournemouth,Manchester United FC,2.0,2.0,FINISHED
436268,2024-04-14T13:00:00Z,33,Liverpool FC,Crystal Palace FC,0.0,1.0,FINISHED
436272,2024-04-14T13:00:00Z,33,West Ham United FC,Fulham FC,0.0,2.0,FINISHED
436264,2024-04-14T15:30:00Z,33,Arsenal FC,Aston Villa FC,0.0,2.0,FINISHED
436267,2024-04-15T19:00:00Z,33,Chelsea FC,Everton FC,6.0,0.0,FINISHED
436278,2024-04-20T14:00:00Z,34,Luton Town FC,Brentford FC,1.0,5.0,FINISHED
436280,2024-04-20T14:00:00Z,34,Sheffield United FC,Burnley FC,1.0,4.0,FINISHED
436282,2024-04-20T18:30:00Z,34,Wolverhampton Wanderers FC,Arsenal FC,0.0,2.0,FINISHED
436276,2024-04-21T12:30:00Z,34,Everton FC,Nottingham Forest FC,2.0,0.0,FINISHED
436273,2024-04-21T14:00:00Z,34,Aston Villa FC,AFC Bournemouth,3.0,1.0,FINISHED
436275,2024-04-21T14:00:00Z,34,Crystal Palace FC,West Ham United FC,5.0,2.0,FINISHED
436277,2024-04-21T15:30:00Z,34,Fulham FC,Liverpool FC,1.0,3.0,FINISHED
436223,2024-04-23T19:00:00Z,29,Arsenal FC,Chelsea FC,5.0,0.0,FINISHED
436232,2024-04-24T18:45:00Z,29,Wolverhampton Wanderers FC,AFC Bournemouth,0.0,1.0,FINISHED
436226,2024-04-24T19:00:00Z,29,Crystal Palace FC,Newcastle United FC,2.0,0.0,FINISHED
436227,2024-04-24T19:00:00Z,29,Everton FC,Liverpool FC,2.0,0.0,FINISHED
436230,2024-04-24T19:00:00Z,29,Manchester United FC,Sheffield United FC,4.0,2.0,FINISHED
436224,2024-04-25T19:00:00Z,29,Brighton & Hove Albion FC,Manchester City FC,0.0,4.0,FINISHED
436291,2024-04-27T11:30:00Z,35,West Ham United FC,Liverpool FC,2.0,2.0,FINISHED
436286,2024-04-27T14:00:00Z,35,Fulham FC,Crystal Palace FC,1.0,1.0,FINISHED
436287,2024-04-27T14:00:00Z,35,Manchester United FC,Burnley FC,1.0,1.0,FINISHED
436288,2024-04-27T14:00:00Z,35,Newcastle United FC,Sheffield United FC,5.0,1.0,FINISHED
436292,2024-04-27T14:00:00Z,35,Wolverhampton Wanderers FC,Luton Town FC,2.0,1.0,FINISHED
436285,2024-04-27T16:30:00Z,35,Everton FC,Brentford FC,1.0,0.0,FINISHED
436284,2024-04-27T19:00:00Z,35,Aston Villa FC,Chelsea FC,2.0,2.0,FINISHED
436283,2024-04-28T13:00:00Z,35,AFC Bournemouth,Brighton & Hove Albion FC,3.0,0.0,FINISHED
436290,2024-04-28T13:00:00Z,35,Tottenham Hotspur FC,Arsenal FC,2.0,3.0,FINISHED
436289,2024-04-28T15:30:00Z,35,Nottingham Forest FC,Manchester City FC,0.0,2.0,FINISHED
436197,2024-05-02T18:30:00Z,26,Chelsea FC,Tottenham Hotspur FC,2.0,0.0,FINISHED
436300,2024-05-03T19:00:00Z,36,Luton Town FC,Everton FC,1.0,1.0,FINISHED
436293,2024-05-04T11:30:00Z,36,Arsenal FC,AFC Bournemouth,3.0,0.0,FINISHED
436296,2024-05-04T14:00:00Z,36,Burnley FC,Newcastle United FC,1.0,4.0,FINISHED
436294,2024-05-04T14:00:00Z,36,Brentford FC,Fulham FC,0.0,0.0,FINISHED
436302,2024-05-04T14:00:00Z,36,Sheffield United FC,Nottingham Forest FC,1.0,3.0,FINISHED
436301,2024-05-04T16:30:00Z,36,Manchester City FC,Wolverhampton Wanderers FC,5.0,1.0,FINISHED
436297,2024-05-05T13:00:00Z,36,Chelsea FC,West Ham United FC,5.0,0.0,FINISHED
436295,2024-05-05T13:00:00Z,36,Brighton & Hove Albion FC,Aston Villa FC,1.0,0.0,FINISHED
436299,2024-05-05T15:30:00Z,36,Liverpool FC,Tottenham Hotspur FC,4.0,2.0,FINISHED
436298,2024-05-06T19:00:00Z,36,Crystal Palace FC,Manchester United FC,4.0,0.0,FINISHED
436306,2024-05-11T11:30:00Z,37,Fulham FC,Manchester City FC,0.0,4.0,FINISHED
436311,2024-05-11T14:00:00Z,37,West Ham United FC,Luton Town FC,3.0,1.0,FINISHED
436312,2024-05-11T14:00:00Z,37,Wolverhampton Wanderers FC,Crystal Palace FC,1.0,3.0,FINISHED
436305,2024-05-11T14:00:00Z,37,Everton FC,Sheffield United FC,1.0,0.0,FINISHED
436303,2024-05-11T14:00:00Z,37,AFC Bournemouth,Brentford FC,1.0,2.0,FINISHED
436308,2024-05-11T14:00:00Z,37,Newcastle United FC,Brighton & Hove Albion FC,1.0,1.0,FINISHED
436310,2024-05-11T14:00:00Z,37,Tottenham Hotspur FC,Burnley FC,2.0,1.0,FINISHED
436309,2024-05-11T16:30:00Z,37,Nottingham Forest FC,Chelsea FC,2.0,3.0,FINISHED
436307,2024-05-12T15:30:00Z,37,Manchester United FC,Arsenal FC,0.0,1.0,FINISHED
436304,2024-05-13T19:00:00Z,37,Aston Villa FC,Liverpool FC,3.0,3.0,FINISHED
436281,2024-05-14T19:00:00Z,34,Tottenham Hotspur FC,Manchester City FC,0.0,2.0,FINISHED
436274,2024-05-15T18:45:00Z,34,Brighton & Hove Albion FC,Chelsea FC,1.0,2.0,FINISHED
436279,2024-05-15T19:00:00Z,34,Manchester United FC,Newcastle United FC,3.0,2.0,FINISHED
436322,2024-05-19T15:00:00Z,38,Sheffield United FC,Tottenham Hotspur FC,0.0,3.0,FINISHED
436314,2024-05-19T15:00:00Z,38,Brentford FC,Newcastle United FC,2.0,4.0,FINISHED
436315,2024-05-19T15:00:00Z,38,Brighton & Hove Albion FC,Manchester United FC,0.0,2.0,FINISHED
436316,2024-05-19T15:00:00Z,38,Burnley FC,Nottingham Forest FC,1.0,2.0,FINISHED
436317,2024-05-19T15:00:00Z,38,Chelsea FC,AFC Bournemouth,2.0,1.0,FINISHED
436318,2024-05-19T15:00:00Z,38,Crystal Palace FC,Aston Villa FC,5.0,0.0,FINISHED
436319,2024-05-19T15:00:00Z,38,Liverpool FC,Wolverhampton Wanderers FC,2.0,0.0,FINISHED
436320,2024-05-19T15:00:00Z,38,Luton Town FC,Fulham FC,2.0,4.0,FINISHED
436313,2024-05-19T15:00:00Z,38,Arsenal FC,Everton FC,2.0,1.0,FINISHED
436321,2024-05-19T15:00:00Z,38,Manchester City FC,West Ham United FC,3.0,1.0,FINISHED
497410,2024-08-16T19:00:00Z,1,Manchester United FC,Fulham FC,1.0,0.0,FINISHED
497411,2024-08-17T11:30:00Z,1,Ipswich Town FC,Liverpool FC,0.0,2.0,FINISHED
497412,2024-08-17T14:00:00Z,1,Arsenal FC,Wolverhampton Wanderers FC,2.0,0.0,FINISHED
497413,2024-08-17T14:00:00Z,1,Everton FC,Brighton & Hove Albion FC,0.0,3.0,FINISHED
497414,2024-08-17T14:00:00Z,1,Newcastle United FC,Southampton FC,1.0,0.0,FINISHED
497415,2024-08-17T14:00:00Z,1,Nottingham Forest FC,AFC Bournemouth,1.0,1.0,FINISHED
497416,2024-08-17T16:30:00Z,1,West Ham United FC,Aston Villa FC,1.0,2.0,FINISHED
497417,2024-08-18T13:00:00Z,1,Brentford FC,Crystal Palace FC,2.0,1.0,FINISHED
497418,2024-08-18T15:30:00Z,1,Chelsea FC,Manchester City FC,0.0,2.0,FINISHED
497419,2024-08-19T19:00:00Z,1,Leicester City FC,Tottenham Hotspur FC,1.0,1.0,FINISHED
497422,2024-08-24T11:30:00Z,2,Brighton & Hove Albion FC,Manchester United FC,2.0,1.0,FINISHED
497424,2024-08-24T14:00:00Z,2,Fulham FC,Leicester City FC,2.0,1.0,FINISHED
497428,2024-08-24T14:00:00Z,2,Tottenham Hotspur FC,Everton FC,4.0,0.0,FINISHED
497423,2024-08-24T14:00:00Z,2,Crystal Palace FC,West Ham United FC,0.0,2.0,FINISHED
497426,2024-08-24T14:00:00Z,2,Manchester City FC,Ipswich Town FC,4.0,1.0,FINISHED
497427,2024-08-24T14:00:00Z,2,Southampton FC,Nottingham Forest FC,0.0,1.0,FINISHED
497421,2024-08-24T16:30:00Z,2,Aston Villa FC,Arsenal FC,0.0,2.0,FINISHED
497420,2024-08-25T13:00:00Z,2,AFC Bournemouth,Newcastle United FC,1.0,1.0,FINISHED
497429,2024-08-25T13:00:00Z,2,Wolverhampton Wanderers FC,Chelsea FC,2.0,6.0,FINISHED
497425,2024-08-25T15:30:00Z,2,Liverpool FC,Brentford FC,2.0,0.0,FINISHED
497430,2024-08-31T11:30:00Z,3,Arsenal FC,Brighton & Hove Albion FC,1.0,1.0,FINISHED
497431,2024-08-31T14:00:00Z,3,Brentford FC,Southampton FC,3.0,1.0,FINISHED
497433,2024-08-31T14:00:00Z,3,Everton FC,AFC Bournemouth,2.0,3.0,FINISHED
497434,2024-08-31T14:00:00Z,3,Ipswich Town FC,Fulham FC,1.0,1.0,FINISHED
497435,2024-08-31T14:00:00Z,3,Leicester City FC,Aston Villa FC,1.0,2.0,FINISHED
497438,2024-08-31T14:00:00Z,3,Nottingham Forest FC,Wolverhampton Wanderers FC,1.0,1.0,FINISHED
497439,2024-08-31T16:30:00Z,3,West Ham United FC,Manchester City FC,1.0,3.0,FINISHED
497432,2024-09-01T12:30:00Z,3,Chelsea FC,Crystal Palace FC,1.0,1.0,FINISHED
497437,2024-09-01T12:30:00Z,3,Newcastle United FC,Tottenham Hotspur FC,2.0,1.0,FINISHED
497436,2024-09-01T15:00:00Z,3,Manchester United FC,Liverpool FC,0.0,3.0,FINISHED
497447,2024-09-14T11:30:00Z,4,Southampton FC,Manchester United FC,0.0,3.0,FINISHED
497446,2024-09-14T14:00:00Z,4,Manchester City FC,Brentford FC,2.0,1.0,FINISHED
497445,2024-09-14T14:00:00Z,4,Liverpool FC,Nottingham Forest FC,0.0,1.0,FINISHED
497444,2024-09-14T14:00:00Z,4,Fulham FC,West Ham United FC,1.0,1.0,FINISHED
497443,2024-09-14T14:00:00Z,4,Crystal Palace FC,Leicester City FC,2.0,2.0,FINISHED
497442,2024-09-14T14:00:00Z,4,Brighton & Hove Albion FC,Ipswich Town FC,0.0,0.0,FINISHED
497441,2024-09-14T16:30:00Z,4,Aston Villa FC,Everton FC,3.0,2.0,FINISHED
497440,2024-09-14T19:00:00Z,4,AFC Bournemouth,Chelsea FC,0.0,1.0,FINISHED
497448,2024-09-15T13:00:00Z,4,Tottenham Hotspur FC,Arsenal FC,0.0,1.0,FINISHED
497449,2024-09-15T15:30:00Z,4,Wolverhampton Wanderers FC,Newcastle United FC,1.0,2.0,FINISHED
497459,2024-09-21T11:30:00Z,5,West Ham United FC,Chelsea FC,0.0,3.0,FINISHED
497450,2024-09-21T14:00:00Z,5,Aston Villa FC,Wolverhampton Wanderers FC,3.0,1.0,FINISHED
497453,2024-09-21T14:00:00Z,5,Fulham FC,Newcastle United FC,3.0,1.0,FINISHED
497454,2024-09-21T14:00:00Z,5,Leicester City FC,Everton FC,1.0,1.0,FINISHED
497457,2024-09-21T14:00:00Z,5,Southampton FC,Ipswich Town FC,1.0,1.0,FINISHED
497458,2024-09-21T14:00:00Z,5,Tottenham Hotspur FC,Brentford FC,3.0,1.0,FINISHED
497455,2024-09-21T14:00:00Z,5,Liverpool FC,AFC Bournemouth,3.0,0.0,FINISHED
497452,2024-09-21T16:30:00Z,5,Crystal Palace FC,Manchester United FC,0.0,0.0,FINISHED
497451,2024-09-22T13:00:00Z,5,Brighton & Hove Albion FC,Nottingham Forest FC,2.0,2.0,FINISHED
497456,2024-09-22T15:30:00Z,5,Manchester City FC,Arsenal FC,2.0,2.0,FINISHED
497467,2024-09-28T11:30:00Z,6,Newcastle United FC,Manchester City FC,1.0,1.0,FINISHED
497468,2024-09-28T14:00:00Z,6,Nottingham Forest FC,Fulham FC,0.0,1.0,FINISHED
497464,2024-09-28T14:00:00Z,6,Everton FC,Crystal Palace FC,2.0,1.0,FINISHED
497462,2024-09-28T14:00:00Z,6,Brentford FC,West Ham United FC,1.0,1.0,FINISHED
497461,2024-09-28T14:00:00Z,6,Arsenal FC,Leicester City FC,4.0,2.0,FINISHED
497463,2024-09-28T14:00:00Z,6,Chelsea FC,Brighton & Hove Albion FC,4.0,2.0,FINISHED
497469,2024-09-28T16:30:00Z,6,Wolverhampton Wanderers FC,Liverpool FC,1.0,2.0,FINISHED
497465,2024-09-29T13:00:00Z,6,Ipswich Town FC,Aston Villa FC,2.0,2.0,FINISHED
497466,2024-09-29T15:30:00Z,6,Manchester United FC,Tottenham Hotspur FC,0.0,3.0,FINISHED
497460,2024-09-30T19:00:00Z,6,AFC Bournemouth,Southampton FC,3.0,1.0,FINISHED
497475,2024-10-05T11:30:00Z,7,Crystal Palace FC,Liverpool FC,0.0,1.0,FINISHED
497472,2024-10-05T14:00:00Z,7,Brentford FC,Wolverhampton Wanderers FC,5.0,3.0,FINISHED
497477,2024-10-05T14:00:00Z,7,Leicester City FC,AFC Bournemouth,1.0,0.0,FINISHED
497478,2024-10-05T14:00:00Z,7,Manchester City FC,Fulham FC,3.0,2.0,FINISHED
497479,2024-10-05T14:00:00Z,7,West Ham United FC,Ipswich Town FC,4.0,1.0,FINISHED
497470,2024-10-05T14:00:00Z,7,Arsenal FC,Southampton FC,3.0,1.0,FINISHED
497476,2024-10-05T16:30:00Z,7,Everton FC,Newcastle United FC,0.0,0.0,FINISHED
497471,2024-10-06T13:00:00Z,7,Aston Villa FC,Manchester United FC,0.0,0.0,FINISHED
497474,2024-10-06T13:00:00Z,7,Chelsea FC,Nottingham Forest FC,1.0,1.0,FINISHED
497473,2024-10-06T15:30:00Z,7,Brighton & Hove Albion FC,Tottenham Hotspur FC,3.0,2.0,FINISHED
497488,2024-10-19T11:30:00Z,8,Tottenham Hotspur FC,West Ham United FC,4.0,1.0,FINISHED
497481,2024-10-19T14:00:00Z,8,Fulham FC,Aston Villa FC,1.0,3.0,FINISHED
497482,2024-10-19T14:00:00Z,8,Ipswich Town FC,Everton FC,0.0,2.0,FINISHED
497484,2024-10-19T14:00:00Z,8,Manchester United FC,Brentford FC,2.0,1.0,FINISHED
497485,2024-10-19T14:00:00Z,8,Newcastle United FC,Brighton & Hove Albion FC,0.0,1.0,FINISHED
497487,2024-10-19T14:00:00Z,8,Southampton FC,Leicester City FC,2.0,3.0,FINISHED
497480,2024-10-19T16:30:00Z,8,AFC Bournemouth,Arsenal FC,2.0,0.0,FINISHED
497489,2024-10-20T13:00:00Z,8,Wolverhampton Wanderers FC,Manchester City FC,1.0,2.0,FINISHED
497483,2024-10-20T15:30:00Z,8,Liverpool FC,Chelsea FC,2.0,1.0,FINISHED
497486,2024-10-21T19:00:00Z,8,Nottingham Forest FC,Crystal Palace FC,1.0,0.0,FINISHED
497497,2024-10-25T19:00:00Z,9,Leicester City FC,Nottingham Forest FC,1.0,3.0,FINISHED
497492,2024-10-26T14:00:00Z,9,Brentford FC,Ipswich Town FC,4.0,3.0,FINISHED
497493,2024-10-26T14:00:00Z,9,Brighton & Hove Albion FC,Wolverhampton Wanderers FC,2.0,2.0,FINISHED
497498,2024-10-26T14:00:00Z,9,Manchester City FC,Southampton FC,1.0,0.0,FINISHED
497491,2024-10-26T14:00:00Z,9,Aston Villa FC,AFC Bournemouth,1.0,1.0,FINISHED
497496,2024-10-26T16:30:00Z,9,Everton FC,Fulham FC,1.0,1.0,FINISHED
497494,2024-10-27T14:00:00Z,9,Chelsea FC,Newcastle United FC,2.0,1.0,FINISHED
497495,2024-10-27T14:00:00Z,9,Crystal Palace FC,Tottenham Hotspur FC,1.0,0.0,FINISHED
497499,2024-10-27T14:00:00Z,9,West Ham United FC,Manchester United FC,2.0,1.0,FINISHED
497490,2024-10-27T16:30:00Z,9,Arsenal FC,Liverpool FC,2.0,2.0,FINISHED
497505,2024-11-02T12:30:00Z,10,Newcastle United FC,Arsenal FC,1.0,0.0,FINISHED
497500,2024-11-02T15:00:00Z,10,AFC Bournemouth,Manchester City FC,2.0,1.0,FINISHED
497502,2024-11-02T15:00:00Z,10,Ipswich Town FC,Leicester City FC,1.0,1.0,FINISHED
497503,2024-11-02T15:00:00Z,10,Liverpool FC,Brighton & Hove Albion FC,2.0,1.0,FINISHED
497506,2024-11-02T15:00:00Z,10,Nottingham Forest FC,West Ham United FC,3.0,0.0,FINISHED
497507,2024-11-02T15:00:00Z,10,Southampton FC,Everton FC,1.0,0.0,FINISHED
497509,2024-11-02T17:30:00Z,10,Wolverhampton Wanderers FC,Crystal Palace FC,2.0,2.0,FINISHED
497508,2024-11-03T14:00:00Z,10,Tottenham Hotspur FC,Aston Villa FC,4.0,1.0,FINISHED
497504,2024-11-03T16:30:00Z,10,Manchester United FC,Chelsea FC,1.0,1.0,FINISHED
497501,2024-11-04T20:00:00Z,10,Fulham FC,Brentford FC,2.0,1.0,FINISHED
497519,2024-11-09T15:00:00Z,11,Wolverhampton Wanderers FC,Southampton FC,2.0,0.0,FINISHED
497510,2024-11-09T15:00:00Z,11,Brentford FC,AFC Bournemouth,3.0,2.0,FINISHED
497518,2024-11-09T15:00:00Z,11,West Ham United FC,Everton FC,0.0,0.0,FINISHED
497513,2024-11-09T15:00:00Z,11,Crystal Palace FC,Fulham FC,0.0,2.0,FINISHED
497511,2024-11-09T17:30:00Z,11,Brighton & Hove Albion FC,Manchester City FC,2.0,1.0,FINISHED
497514,2024-11-09T20:00:00Z,11,Liverpool FC,Aston Villa FC,2.0,0.0,FINISHED
497516,2024-11-10T14:00:00Z,11,Nottingham Forest FC,Newcastle United FC,1.0,3.0,FINISHED
497517,2024-11-10T14:00:00Z,11,Tottenham Hotspur FC,Ipswich Town FC,1.0,2.0,FINISHED
497515,2024-11-10T14:00:00Z,11,Manchester United FC,Leicester City FC,3.0,0.0,FINISHED
497512,2024-11-10T16:30:00Z,11,Chelsea FC,Arsenal FC,1.0,1.0,FINISHED
497526,2024-11-23T12:30:00Z,12,Leicester City FC,Chelsea FC,1.0,2.0,FINISHED
497520,2024-11-23T15:00:00Z,12,AFC Bournemouth,Brighton & Hove Albion FC,1.0,2.0,FINISHED
497521,2024-11-23T15:00:00Z,12,Arsenal FC,Nottingham Forest FC,3.0,0.0,FINISHED
497522,2024-11-23T15:00:00Z,12,Aston Villa FC,Crystal Palace FC,2.0,2.0,FINISHED
497523,2024-11-23T15:00:00Z,12,Everton FC,Brentford FC,0.0,0.0,FINISHED
497524,2024-11-23T15:00:00Z,12,Fulham FC,Wolverhampton Wanderers FC,1.0,4.0,FINISHED
497527,2024-11-23T17:30:00Z,12,Manchester City FC,Tottenham Hotspur FC,0.0,4.0,FINISHED
497529,2024-11-24T14:00:00Z,12,Southampton FC,Liverpool FC,2.0,3.0,FINISHED
497525,2024-11-24T16:30:00Z,12,Ipswich Town FC,Manchester United FC,1.0,1.0,FINISHED
497528,2024-11-25T20:00:00Z,12,Newcastle United FC,West Ham United FC,0.0,2.0,FINISHED
497531,2024-11-29T20:00:00Z,13,Brighton & Hove Albion FC,Southampton FC,1.0,1.0,FINISHED
497539,2024-11-30T15:00:00Z,13,Wolverhampton Wanderers FC,AFC Bournemouth,2.0,4.0,FINISHED
497533,2024-11-30T15:00:00Z,13,Crystal Palace FC,Newcastle United FC,1.0,1.0,FINISHED
497530,2024-11-30T15:00:00Z,13,Brentford FC,Leicester City FC,4.0,1.0,FINISHED
497536,2024-11-30T15:00:00Z,13,Nottingham Forest FC,Ipswich Town FC,1.0,0.0,FINISHED
497538,2024-11-30T17:30:00Z,13,West Ham United FC,Arsenal FC,2.0,5.0,FINISHED
497532,2024-12-01T13:30:00Z,13,Chelsea FC,Aston Villa FC,3.0,0.0,FINISHED
497537,2024-12-01T13:30:00Z,13,Tottenham Hotspur FC,Fulham FC,1.0,1.0,FINISHED
497535,2024-12-01T13:30:00Z,13,Manchester United FC,Everton FC,4.0,0.0,FINISHED
497534,2024-12-01T16:00:00Z,13,Liverpool FC,Manchester City FC,2.0,0.0,FINISHED
497545,2024-12-03T19:30:00Z,14,Ipswich Town FC,Crystal Palace FC,0.0,1.0,FINISHED
497546,2024-12-03T20:15:00Z,14,Leicester City FC,West Ham United FC,3.0,1.0,FINISHED
497549,2024-12-04T19:30:00Z,14,Southampton FC,Chelsea FC,1.0,5.0,FINISHED
497548,2024-12-04T19:30:00Z,14,Newcastle United FC,Liverpool FC,3.0,3.0,FINISHED
497543,2024-12-04T19:30:00Z,14,Everton FC,Wolverhampton Wanderers FC,4.0,0.0,FINISHED
497547,2024-12-04T19:30:00Z,14,Manchester City FC,Nottingham Forest FC,3.0,0.0,FINISHED
497541,2024-12-04T20:15:00Z,14,Arsenal FC,Manchester United FC,2.0,0.0,FINISHED
497542,2024-12-04T20:15:00Z,14,Aston Villa FC,Brentford FC,3.0,1.0,FINISHED
497544,2024-12-05T19:30:00Z,14,Fulham FC,Brighton & Hove Albion FC,3.0,1.0,FINISHED
497540,2024-12-05T20:15:00Z,14,AFC Bournemouth,Tottenham Hotspur FC,1.0,0.0,FINISHED
497550,2024-12-07T15:00:00Z,15,Aston Villa FC,Southampton FC,1.0,0.0,FINISHED
497551,2024-12-07T15:00:00Z,15,Brentford FC,Newcastle United FC,4.0,2.0,FINISHED
497552,2024-12-07T15:00:00Z,15,Crystal Palace FC,Manchester City FC,2.0,2.0,FINISHED
497557,2024-12-07T17:30:00Z,15,Manchester United FC,Nottingham Forest FC,2.0,3.0,FINISHED
497556,2024-12-08T14:00:00Z,15,Leicester City FC,Brighton & Hove Albion FC,2.0,2.0,FINISHED
497554,2024-12-08T14:00:00Z,15,Fulham FC,Arsenal FC,1.0,1.0,FINISHED
497555,2024-12-08T14:00:00Z,15,Ipswich Town FC,AFC Bournemouth,1.0,2.0,FINISHED
497558,2024-12-08T16:30:00Z,15,Tottenham Hotspur FC,Chelsea FC,3.0,4.0,FINISHED
497559,2024-12-09T20:00:00Z,15,West Ham United FC,Wolverhampton Wanderers FC,2.0,1.0,FINISHED
497564,2024-12-14T15:00:00Z,16,Liverpool FC,Fulham FC,2.0,2.0,FINISHED
497561,2024-12-14T15:00:00Z,16,Arsenal FC,Everton FC,0.0,0.0,FINISHED
497566,2024-12-14T15:00:00Z,16,Newcastle United FC,Leicester City FC,4.0,0.0,FINISHED
497569,2024-12-14T15:00:00Z,16,Wolverhampton Wanderers FC,Ipswich Town FC,1.0,2.0,FINISHED
497567,2024-12-14T17:30:00Z,16,Nottingham Forest FC,Aston Villa FC,2.0,1.0,FINISHED
497562,2024-12-15T14:00:00Z,16,Brighton & Hove Albion FC,Crystal Palace FC,1.0,3.0,FINISHED
497565,2024-12-15T16:30:00Z,16,Manchester City FC,Manchester United FC,1.0,2.0,FINISHED
497563,2024-12-15T19:00:00Z,16,Chelsea FC,Brentford FC,2.0,1.0,FINISHED
497568,2024-12-15T19:00:00Z,16,Southampton FC,Tottenham Hotspur FC,0.0,5.0,FINISHED
497560,2024-12-16T20:00:00Z,16,AFC Bournemouth,West Ham United FC,1.0,1.0,FINISHED
497570,2024-12-21T12:30:00Z,17,Aston Villa FC,Manchester City FC,2.0,1.0,FINISHED
497579,2024-12-21T15:00:00Z,17,West Ham United FC,Brighton & Hove Albion FC,1.0,1.0,FINISHED
497571,2024-12-21T15:00:00Z,17,Brentford FC,Nottingham Forest FC,0.0,2.0,FINISHED
497575,2024-12-21T15:00:00Z,17,Ipswich Town FC,Newcastle United FC,0.0,4.0,FINISHED
497572,2024-12-21T17:30:00Z,17,Crystal Palace FC,Arsenal FC,1.0,5.0,FINISHED
497573,2024-12-22T14:00:00Z,17,Everton FC,Chelsea FC,0.0,0.0,FINISHED
497574,2024-12-22T14:00:00Z,17,Fulham FC,Southampton FC,0.0,0.0,FINISHED
497576,2024-12-22T14:00:00Z,17,Leicester City FC,Wolverhampton Wanderers FC,0.0,3.0,FINISHED
497577,2024-12-22T14:00:00Z,17,Manchester United FC,AFC Bournemouth,0.0,3.0,FINISHED
497578,2024-12-22T16:30:00Z,17,Tottenham Hotspur FC,Liverpool FC,3.0,6.0,FINISHED
497585,2024-12-26T12:30:00Z,18,Manchester City FC,Everton FC,1.0,1.0,FINISHED
497580,2024-12-26T15:00:00Z,18,AFC Bournemouth,Crystal Palace FC,0.0,0.0,FINISHED
497588,2024-12-26T15:00:00Z,18,Southampton FC,West Ham United FC,0.0,1.0,FINISHED
497583,2024-12-26T15:00:00Z,18,Chelsea FC,Fulham FC,1.0,2.0,FINISHED
497586,2024-12-26T15:00:00Z,18,Newcastle United FC,Aston Villa FC,3.0,0.0,FINISHED
497587,2024-12-26T15:00:00Z,18,Nottingham Forest FC,Tottenham Hotspur FC,1.0,0.0,FINISHED
497589,2024-12-26T17:30:00Z,18,Wolverhampton Wanderers FC,Manchester United FC,2.0,0.0,FINISHED
497584,2024-12-26T20:00:00Z,18,Liverpool FC,Leicester City FC,3.0,1.0,FINISHED
497582,2024-12-27T19:30:00Z,18,Brighton & Hove Albion FC,Brentford FC,0.0,0.0,FINISHED
497581,2024-12-27T20:15:00Z,18,Arsenal FC,Ipswich Town FC,1.0,0.0,FINISHED
497596,2024-12-29T14:30:00Z,19,Leicester City FC,Manchester City FC,0.0,2.0,FINISHED
497593,2024-12-29T15:00:00Z,19,Everton FC,Nottingham Forest FC,0.0,2.0,FINISHED
497594,2024-12-29T15:00:00Z,19,Fulham FC,AFC Bournemouth,2.0,2.0,FINISHED
497598,2024-12-29T15:00:00Z,19,Tottenham Hotspur FC,Wolverhampton Wanderers FC,2.0,2.0,FINISHED
497592,2024-12-29T15:00:00Z,19,Crystal Palace FC,Southampton FC,2.0,1.0,FINISHED
497599,2024-12-29T17:15:00Z,19,West Ham United FC,Liverpool FC,0.0,5.0,FINISHED
497590,2024-12-30T19:45:00Z,19,Aston Villa FC,Brighton & Hove Albion FC,2.0,2.0,FINISHED
497595,2024-12-30T19:45:00Z,19,Ipswich Town FC,Chelsea FC,2.0,0.0,FINISHED
497597,2024-12-30T20:00:00Z,19,Manchester United FC,Newcastle United FC,0.0,2.0,FINISHED
497591,2025-01-01T17:30:00Z,19,Brentford FC,Arsenal FC,1.0,3.0,FINISHED
497607,2025-01-04T12:30:00Z,20,Tottenham Hotspur FC,Newcastle United FC,1.0,2.0,FINISHED
497601,2025-01-04T15:00:00Z,20,Southampton FC,Brentford FC,0.0,5.0,FINISHED
497609,2025-01-04T15:00:00Z,20,Manchester City FC,West Ham United FC,4.0,1.0,FINISHED
497605,2025-01-04T15:00:00Z,20,Aston Villa FC,Leicester City FC,2.0,1.0,FINISHED
497603,2025-01-04T15:00:00Z,20,AFC Bournemouth,Everton FC,1.0,0.0,FINISHED
497602,2025-01-04T15:00:00Z,20,Crystal Palace FC,Chelsea FC,1.0,1.0,FINISHED
497600,2025-01-04T17:30:00Z,20,Brighton & Hove Albion FC,Arsenal FC,1.0,1.0,FINISHED
497604,2025-01-05T14:00:00Z,20,Fulham FC,Ipswich Town FC,2.0,2.0,FINISHED
497606,2025-01-05T16:30:00Z,20,Liverpool FC,Manchester United FC,2.0,2.0,FINISHED
497608,2025-01-06T20:00:00Z,20,Wolverhampton Wanderers FC,Nottingham Forest FC,0.0,3.0,FINISHED
497617,2025-01-14T19:30:00Z,21,Chelsea FC,AFC Bournemouth,2.0,2.0,FINISHED
497613,2025-01-14T19:30:00Z,21,West Ham United FC,Fulham FC,3.0,2.0,FINISHED
497615,2025-01-14T19:30:00Z,21,Brentford FC,Manchester City FC,2.0,2.0,FINISHED
497614,2025-01-14T20:00:00Z,21,Nottingham Forest FC,Liverpool FC,1.0,1.0,FINISHED
497610,2025-01-15T19:30:00Z,21,Everton FC,Aston Villa FC,0.0,1.0,FINISHED
497612,2025-01-15T19:30:00Z,21,Leicester City FC,Crystal Palace FC,0.0,2.0,FINISHED
497619,2025-01-15T19:30:00Z,21,Newcastle United FC,Wolverhampton Wanderers FC,3.0,0.0,FINISHED
497616,2025-01-15T20:00:00Z,21,Arsenal FC,Tottenham Hotspur FC,2.0,1.0,FINISHED
497611,2025-01-16T19:30:00Z,21,Ipswich Town FC,Brighton & Hove Albion FC,0.0,2.0,FINISHED
497618,2025-01-16T20:00:00Z,21,Manchester United FC,Southampton FC,3.0,1.0,FINISHED
497620,2025-01-18T12:30:00Z,22,Newcastle United FC,AFC Bournemouth,1.0,4.0,FINISHED
497624,2025-01-18T15:00:00Z,22,Leicester City FC,Fulham FC,0.0,2.0,FINISHED
497623,2025-01-18T15:00:00Z,22,West Ham United FC,Crystal Palace FC,0.0,2.0,FINISHED
497625,2025-01-18T15:00:00Z,22,Brentford FC,Liverpool FC,0.0,2.0,FINISHED
497621,2025-01-18T17:30:00Z,22,Arsenal FC,Aston Villa FC,2.0,2.0,FINISHED
497622,2025-01-19T14:00:00Z,22,Manchester United FC,Brighton & Hove Albion FC,1.0,3.0,FINISHED
497627,2025-01-19T14:00:00Z,22,Nottingham Forest FC,Southampton FC,3.0,2.0,FINISHED
497628,2025-01-19T14:00:00Z,22,Everton FC,Tottenham Hotspur FC,3.0,2.0,FINISHED
497626,2025-01-19T16:30:00Z,22,Ipswich Town FC,Manchester City FC,0.0,6.0,FINISHED
497629,2025-01-20T20:00:00Z,22,Chelsea FC,Wolverhampton Wanderers FC,3.0,1.0,FINISHED
497635,2025-01-25T15:00:00Z,23,AFC Bournemouth,Nottingham Forest FC,5.0,0.0,FINISHED
497632,2025-01-25T15:00:00Z,23,Wolverhampton Wanderers FC,Arsenal FC,0.0,1.0,FINISHED
497633,2025-01-25T15:00:00Z,23,Brighton & Hove Albion FC,Everton FC,0.0,1.0,FINISHED
497634,2025-01-25T15:00:00Z,23,Southampton FC,Newcastle United FC,1.0,3.0,FINISHED
497631,2025-01-25T15:00:00Z,23,Liverpool FC,Ipswich Town FC,4.0,1.0,FINISHED
497638,2025-01-25T17:30:00Z,23,Manchester City FC,Chelsea FC,3.0,1.0,FINISHED
497639,2025-01-26T14:00:00Z,23,Tottenham Hotspur FC,Leicester City FC,1.0,2.0,FINISHED
497637,2025-01-26T14:00:00Z,23,Crystal Palace FC,Brentford FC,1.0,2.0,FINISHED
497636,2025-01-26T16:30:00Z,23,Aston Villa FC,West Ham United FC,1.0,1.0,FINISHED
497630,2025-01-26T19:00:00Z,23,Fulham FC,Manchester United FC,0.0,1.0,FINISHED
497641,2025-02-01T12:30:00Z,24,Nottingham Forest FC,Brighton & Hove Albion FC,7.0,0.0,FINISHED
497643,2025-02-01T15:00:00Z,24,Newcastle United FC,Fulham FC,1.0,2.0,FINISHED
497645,2025-02-01T15:00:00Z,24,AFC Bournemouth,Liverpool FC,0.0,2.0,FINISHED
497647,2025-02-01T15:00:00Z,24,Ipswich Town FC,Southampton FC,1.0,2.0,FINISHED
497644,2025-02-01T15:00:00Z,24,Everton FC,Leicester City FC,4.0,0.0,FINISHED
497640,2025-02-01T17:30:00Z,24,Wolverhampton Wanderers FC,Aston Villa FC,2.0,0.0,FINISHED
497642,2025-02-02T14:00:00Z,24,Manchester United FC,Crystal Palace FC,0.0,2.0,FINISHED
497648,2025-02-02T14:00:00Z,24,Brentford FC,Tottenham Hotspur FC,0.0,2.0,FINISHED
497646,2025-02-02T16:30:00Z,24,Arsenal FC,Manchester City FC,5.0,1.0,FINISHED
497649,2025-02-03T20:00:00Z,24,Chelsea FC,West Ham United FC,2.0,1.0,FINISHED
497553,2025-02-12T19:30:00Z,15,Everton FC,Liverpool FC,2.0,2.0,FINISHED
497653,2025-02-14T20:00:00Z,25,Brighton & Hove Albion FC,Chelsea FC,3.0,0.0,FINISHED
497651,2025-02-15T12:30:00Z,25,Leicester City FC,Arsenal FC,0.0,2.0,FINISHED
497658,2025-02-15T15:00:00Z,25,Fulham FC,Nottingham Forest FC,2.0,1.0,FINISHED
497650,2025-02-15T15:00:00Z,25,Southampton FC,AFC Bournemouth,1.0,3.0,FINISHED
497655,2025-02-15T15:00:00Z,25,Aston Villa FC,Ipswich Town FC,1.0,1.0,FINISHED
497657,2025-02-15T15:00:00Z,25,Manchester City FC,Newcastle United FC,4.0,0.0,FINISHED
497652,2025-02-15T15:00:00Z,25,West Ham United FC,Brentford FC,0.0,1.0,FINISHED
497654,2025-02-15T17:30:00Z,25,Crystal Palace FC,Everton FC,1.0,2.0,FINISHED
497659,2025-02-16T14:00:00Z,25,Liverpool FC,Wolverhampton Wanderers FC,2.0,1.0,FINISHED
497656,2025-02-16T16:30:00Z,25,Tottenham Hotspur FC,Manchester United FC,1.0,0.0,FINISHED
497692,2025-02-19T19:30:00Z,29,Aston Villa FC,Liverpool FC,2.0,2.0,FINISHED
497660,2025-02-21T20:00:00Z,26,Leicester City FC,Brentford FC,0.0,4.0,FINISHED
497665,2025-02-22T12:30:00Z,26,Everton FC,Manchester United FC,2.0,2.0,FINISHED
497666,2025-02-22T15:00:00Z,26,Ipswich Town FC,Tottenham Hotspur FC,1.0,4.0,FINISHED
497668,2025-02-22T15:00:00Z,26,Arsenal FC,West Ham United FC,0.0,1.0,FINISHED
497669,2025-02-22T15:00:00Z,26,AFC Bournemouth,Wolverhampton Wanderers FC,0.0,1.0,FINISHED
497661,2025-02-22T15:00:00Z,26,Southampton FC,Brighton & Hove Albion FC,0.0,4.0,FINISHED
497667,2025-02-22T15:00:00Z,26,Fulham FC,Crystal Palace FC,0.0,2.0,FINISHED
497662,2025-02-22T17:30:00Z,26,Aston Villa FC,Chelsea FC,2.0,1.0,FINISHED
497663,2025-02-23T14:00:00Z,26,Newcastle United FC,Nottingham Forest FC,4.0,3.0,FINISHED
497664,2025-02-23T16:30:00Z,26,Manchester City FC,Liverpool FC,0.0,2.0,FINISHED
497672,2025-02-25T19:30:00Z,27,Crystal Palace FC,Aston Villa FC,4.0,1.0,FINISHED
497670,2025-02-25T19:30:00Z,27,Brighton & Hove Albion FC,AFC Bournemouth,2.0,1.0,FINISHED
497674,2025-02-25T19:30:00Z,27,Wolverhampton Wanderers FC,Fulham FC,1.0,2.0,FINISHED
497678,2025-02-25T20:15:00Z,27,Chelsea FC,Southampton FC,4.0,0.0,FINISHED
497675,2025-02-26T19:30:00Z,27,Tottenham Hotspur FC,Manchester City FC,0.0,1.0,FINISHED
497677,2025-02-26T19:30:00Z,27,Manchester United FC,Ipswich Town FC,3.0,2.0,FINISHED
497673,2025-02-26T19:30:00Z,27,Brentford FC,Everton FC,1.0,1.0,FINISHED
497671,2025-02-26T19:30:00Z,27,Nottingham Forest FC,Arsenal FC,0.0,0.0,FINISHED
497679,2025-02-26T20:15:00Z,27,Liverpool FC,Newcastle United FC,2.0,0.0,FINISHED
497676,2025-02-27T20:00:00Z,27,West Ham United FC,Leicester City FC,2.0,0.0,FINISHED
497687,2025-03-08T12:30:00Z,28,Nottingham Forest FC,Manchester City FC,1.0,0.0,FINISHED
497685,2025-03-08T15:00:00Z,28,Crystal Palace FC,Ipswich Town FC,1.0,0.0,FINISHED
497684,2025-03-08T15:00:00Z,28,Brighton & Hove Albion FC,Fulham FC,2.0,1.0,FINISHED
497688,2025-03-08T15:00:00Z,28,Liverpool FC,Southampton FC,3.0,1.0,FINISHED
497682,2025-03-08T17:30:00Z,28,Brentford FC,Aston Villa FC,0.0,1.0,FINISHED
497683,2025-03-08T20:00:00Z,28,Wolverhampton Wanderers FC,Everton FC,1.0,1.0,FINISHED
497680,2025-03-09T14:00:00Z,28,Tottenham Hotspur FC,AFC Bournemouth,2.0,2.0,FINISHED
497689,2025-03-09T14:00:00Z,28,Chelsea FC,Leicester City FC,1.0,0.0,FINISHED
497681,2025-03-09T16:30:00Z,28,Manchester United FC,Arsenal FC,1.0,1.0,FINISHED
497686,2025-03-10T20:00:00Z,28,West Ham United FC,Newcastle United FC,0.0,1.0,FINISHED
497699,2025-03-15T15:00:00Z,29,Southampton FC,Wolverhampton Wanderers FC,1.0,2.0,FINISHED
497697,2025-03-15T15:00:00Z,29,Manchester City FC,Brighton & Hove Albion FC,2.0,2.0,FINISHED
497693,2025-03-15T15:00:00Z,29,Everton FC,West Ham United FC,1.0,1.0,FINISHED
497695,2025-03-15T15:00:00Z,29,Ipswich Town FC,Nottingham Forest FC,2.0,4.0,FINISHED
497690,2025-03-15T17:30:00Z,29,AFC Bournemouth,Brentford FC,1.0,2.0,FINISHED
497694,2025-03-16T13:30:00Z,29,Fulham FC,Tottenham Hotspur FC,2.0,0.0,FINISHED
497691,2025-03-16T13:30:00Z,29,Arsenal FC,Chelsea FC,1.0,0.0,FINISHED
497696,2025-03-16T19:00:00Z,29,Leicester City FC,Manchester United FC,0.0,3.0,FINISHED
497704,2025-04-01T18:45:00Z,30,Wolverhampton Wanderers FC,West Ham United FC,1.0,0.0,FINISHED
497701,2025-04-01T18:45:00Z,30,Arsenal FC,Fulham FC,2.0,1.0,FINISHED
497703,2025-04-01T19:00:00Z,30,Nottingham Forest FC,Manchester United FC,1.0,0.0,FINISHED
497706,2025-04-02T18:45:00Z,30,Manchester City FC,Leicester City FC,2.0,0.0,FINISHED
497707,2025-04-02T18:45:00Z,30,Newcastle United FC,Brentford FC,2.0,1.0,FINISHED
497708,2025-04-02T18:45:00Z,30,Southampton FC,Crystal Palace FC,1.0,1.0,FINISHED
497700,2025-04-02T18:45:00Z,30,AFC Bournemouth,Ipswich Town FC,1.0,2.0,FINISHED
497702,2025-04-02T18:45:00Z,30,Brighton & Hove Albion FC,Aston Villa FC,0.0,3.0,FINISHED
497709,2025-04-02T19:00:00Z,30,Liverpool FC,Everton FC,1.0,0.0,FINISHED
497705,2025-04-03T19:00:00Z,30,Chelsea FC,Tottenham Hotspur FC,1.0,0.0,FINISHED
497713,2025-04-05T11:30:00Z,31,Everton FC,Arsenal FC,1.0,1.0,FINISHED
497715,2025-04-05T14:00:00Z,31,Ipswich Town FC,Wolverhampton Wanderers FC,1.0,2.0,FINISHED
497719,2025-04-05T14:00:00Z,31,West Ham United FC,AFC Bournemouth,2.0,2.0,FINISHED
497712,2025-04-05T14:00:00Z,31,Crystal Palace FC,Brighton & Hove Albion FC,2.0,1.0,FINISHED
497710,2025-04-05T16:30:00Z,31,Aston Villa FC,Nottingham Forest FC,2.0,1.0,FINISHED
497711,2025-04-06T13:00:00Z,31,Brentford FC,Chelsea FC,0.0,0.0,FINISHED
497714,2025-04-06T13:00:00Z,31,Fulham FC,Liverpool FC,3.0,2.0,FINISHED
497718,2025-04-06T13:00:00Z,31,Tottenham Hotspur FC,Southampton FC,3.0,1.0,FINISHED
497717,2025-04-06T15:30:00Z,31,Manchester United FC,Manchester City FC,0.0,0.0,FINISHED
497716,2025-04-07T19:00:00Z,31,Leicester City FC,Newcastle United FC,0.0,3.0,FINISHED
497725,2025-04-12T11:30:00Z,32,Manchester City FC,Crystal Palace FC,5.0,2.0,FINISHED
497727,2025-04-12T14:00:00Z,32,Nottingham Forest FC,Everton FC,0.0,1.0,FINISHED
497722,2025-04-12T14:00:00Z,32,Brighton & Hove Albion FC,Leicester City FC,2.0,2.0,FINISHED
497728,2025-04-12T14:00:00Z,32,Southampton FC,Aston Villa FC,0.0,3.0,FINISHED
497721,2025-04-12T16:30:00Z,32,Arsenal FC,Brentford FC,1.0,1.0,FINISHED
497723,2025-04-13T13:00:00Z,32,Chelsea FC,Ipswich Town FC,2.0,2.0,FINISHED
497724,2025-04-13T13:00:00Z,32,Liverpool FC,West Ham United FC,2.0,1.0,FINISHED
497729,2025-04-13T13:00:00Z,32,Wolverhampton Wanderers FC,Tottenham Hotspur FC,4.0,2.0,FINISHED
497726,2025-04-13T15:30:00Z,32,Newcastle United FC,Manchester United FC,4.0,1.0,FINISHED
497720,2025-04-14T19:00:00Z,32,AFC Bournemouth,Fulham FC,1.0,0.0,FINISHED
497698,2025-04-16T18:30:00Z,29,Newcastle United FC,Crystal Palace FC,5.0,0.0,FINISHED
497732,2025-04-19T14:00:00Z,33,Crystal Palace FC,AFC Bournemouth,0.0,0.0,FINISHED
497733,2025-04-19T14:00:00Z,33,Everton FC,Manchester City FC,0.0,2.0,FINISHED
497739,2025-04-19T14:00:00Z,33,West Ham United FC,Southampton FC,1.0,1.0,FINISHED
497731,2025-04-19T14:00:00Z,33,Brentford FC,Brighton & Hove Albion FC,4.0,2.0,FINISHED
497730,2025-04-19T16:30:00Z,33,Aston Villa FC,Newcastle United FC,4.0,1.0,FINISHED
497734,2025-04-20T13:00:00Z,33,Fulham FC,Chelsea FC,1.0,2.0,FINISHED
497735,2025-04-20T13:00:00Z,33,Ipswich Town FC,Arsenal FC,0.0,4.0,FINISHED
497737,2025-04-20T13:00:00Z,33,Manchester United FC,Wolverhampton Wanderers FC,0.0,1.0,FINISHED
497736,2025-04-20T15:30:00Z,33,Leicester City FC,Liverpool FC,0.0,1.0,FINISHED
497738,2025-04-21T19:00:00Z,33,Tottenham Hotspur FC,Nottingham Forest FC,1.0,2.0,FINISHED
497745,2025-04-22T19:00:00Z,34,Manchester City FC,Aston Villa FC,2.0,1.0,FINISHED
497741,2025-04-23T19:00:00Z,34,Arsenal FC,Crystal Palace FC,2.0,2.0,FINISHED
497743,2025-04-26T11:30:00Z,34,Chelsea FC,Everton FC,1.0,0.0,FINISHED
497746,2025-04-26T14:00:00Z,34,Newcastle United FC,Ipswich Town FC,3.0,0.0,FINISHED
497742,2025-04-26T14:00:00Z,34,Brighton & Hove Albion FC,West Ham United FC,3.0,2.0,FINISHED
497748,2025-04-26T14:00:00Z,34,Southampton FC,Fulham FC,1.0,2.0,FINISHED
497749,2025-04-26T14:00:00Z,34,Wolverhampton Wanderers FC,Leicester City FC,3.0,0.0,FINISHED
497740,2025-04-27T13:00:00Z,34,AFC Bournemouth,Manchester United FC,1.0,1.0,FINISHED
497744,2025-04-27T15:30:00Z,34,Liverpool FC,Tottenham Hotspur FC,5.0,1.0,FINISHED
497747,2025-05-01T18:30:00Z,34,Nottingham Forest FC,Brentford FC,0.0,2.0,FINISHED
497758,2025-05-02T19:00:00Z,35,Manchester City FC,Wolverhampton Wanderers FC,1.0,0.0,FINISHED
497751,2025-05-03T11:30:00Z,35,Aston Villa FC,Fulham FC,1.0,0.0,FINISHED
497756,2025-05-03T14:00:00Z,35,Everton FC,Ipswich Town FC,2.0,2.0,FINISHED
497757,2025-05-03T14:00:00Z,35,Leicester City FC,Southampton FC,2.0,0.0,FINISHED
497750,2025-05-03T16:30:00Z,35,Arsenal FC,AFC Bournemouth,1.0,2.0,FINISHED
497752,2025-05-04T13:00:00Z,35,Brentford FC,Manchester United FC,4.0,3.0,FINISHED
497753,2025-05-04T13:00:00Z,35,Brighton & Hove Albion FC,Newcastle United FC,1.0,1.0,FINISHED
497759,2025-05-04T13:00:00Z,35,West Ham United FC,Tottenham Hotspur FC,1.0,1.0,FINISHED
497754,2025-05-04T15:30:00Z,35,Chelsea FC,Liverpool FC,3.0,1.0,FINISHED
497755,2025-05-05T19:00:00Z,35,Crystal Palace FC,Nottingham Forest FC,1.0,1.0,FINISHED
497769,2025-05-10T14:00:00Z,36,Wolverhampton Wanderers FC,Brighton & Hove Albion FC,0.0,2.0,FINISHED
497767,2025-05-10T14:00:00Z,36,Southampton FC,Manchester City FC,0.0,0.0,FINISHED
497762,2025-05-10T14:00:00Z,36,Ipswich Town FC,Brentford FC,0.0,1.0,FINISHED
497761,2025-05-10T14:00:00Z,36,Fulham FC,Everton FC,1.0,3.0,FINISHED
497760,2025-05-10T16:30:00Z,36,AFC Bournemouth,Aston Villa FC,0.0,1.0,FINISHED
497765,2025-05-11T11:00:00Z,36,Newcastle United FC,Chelsea FC,2.0,0.0,FINISHED
497766,2025-05-11T13:15:00Z,36,Nottingham Forest FC,Leicester City FC,2.0,2.0,FINISHED
497768,2025-05-11T13:15:00Z,36,Tottenham Hotspur FC,Crystal Palace FC,0.0,2.0,FINISHED
497764,2025-05-11T13:15:00Z,36,Manchester United FC,West Ham United FC,0.0,2.0,FINISHED
497763,2025-05-11T15:30:00Z,36,Liverpool FC,Arsenal FC,2.0,2.0,FINISHED
497771,2025-05-16T18:30:00Z,37,Aston Villa FC,Tottenham Hotspur FC,2.0,0.0,FINISHED
497774,2025-05-16T19:15:00Z,37,Chelsea FC,Manchester United FC,1.0,0.0,FINISHED
497776,2025-05-18T11:00:00Z,37,Everton FC,Southampton FC,2.0,0.0,FINISHED
497779,2025-05-18T13:15:00Z,37,West Ham United FC,Nottingham Forest FC,1.0,2.0,FINISHED
497772,2025-05-18T14:00:00Z,37,Brentford FC,Fulham FC,2.0,3.0,FINISHED
497777,2025-05-18T14:00:00Z,37,Leicester City FC,Ipswich Town FC,2.0,0.0,FINISHED
497770,2025-05-18T15:30:00Z,37,Arsenal FC,Newcastle United FC,1.0,0.0,FINISHED
497773,2025-05-19T19:00:00Z,37,Brighton & Hove Albion FC,Liverpool FC,3.0,2.0,FINISHED
497775,2025-05-20T19:00:00Z,37,Crystal Palace FC,Wolverhampton Wanderers FC,4.0,2.0,FINISHED
497778,2025-05-20T19:00:00Z,37,Manchester City FC,AFC Bournemouth,3.0,1.0,FINISHED
497787,2025-05-25T15:00:00Z,38,Southampton FC,Arsenal FC,,,TIMED
497780,2025-05-25T15:00:00Z,38,AFC Bournemouth,Leicester City FC,,,TIMED
497781,2025-05-25T15:00:00Z,38,Fulham FC,Manchester City FC,,,TIMED
497782,2025-05-25T15:00:00Z,38,Ipswich Town FC,West Ham United FC,,,TIMED
497783,2025-05-25T15:00:00Z,38,Liverpool FC,Crystal Palace FC,,,TIMED
497784,2025-05-25T15:00:00Z,38,Manchester United FC,Aston Villa FC,,,TIMED
497785,2025-05-25T15:00:00Z,38,Newcastle United FC,Everton FC,,,TIMED
497786,2025-05-25T15:00:00Z,38,Nottingham Forest FC,Chelsea FC,,,TIMED
497788,2025-05-25T15:00:00Z,38,Tottenham Hotspur FC,Brighton & Hove Albion FC,,,TIMED
497789,2025-05-25T15:00:00Z,38,Wolverhampton Wanderers FC,Brentford FC,,,TIMED
